id,name,age
1,Christa,16
2,Biron,54
3,Kalie,27
4,Lyndel,41
5,Carmelle,29
6,Trina,29
7,Aldis,79
8,Rozelle,97
9,Bunni,59
10,Lida,85
11,Oby,35
12,Antonia,73
13,Reuben,70
14,Noelle,84
15,Shellysheldon,24
16,Carlota,12
17,Nevsa,55
18,Wallis,4
19,Sadella,23
20,Ashby,36
21,Gizela,65
22,Paxton,59
23,Crissie,57
24,Lovell,58
25,Elbert,86
26,Peter,37
27,Gipsy,9
28,Nickolas,22
29,Robin,43
30,Breena,97
31,Colman,63
32,Patton,37
33,Ferdy,82
34,Sharity,53
35,Jaime,97
36,Gordan,93
37,Zaria,31
38,Arel,78
39,Wilma,34
40,Deana,94
41,Rebeca,12
42,Tessa,73
43,Wilbur,36
44,Vicki,72
45,Kip,13
46,Tymothy,90
47,Hamnet,86
48,Maia,22
49,Brendin,8
50,Erwin,24
51,John,57
52,Ruddy,72
53,Elsi,8
54,Nester,10
55,Mill,45
56,Brooks,73
57,Garvey,78
58,Ilsa,11
59,Ives,33
60,Kassie,25
61,May,71
62,Clerissa,59
63,Lorelle,8
64,Keely,87
65,Jae,91
66,Karrah,4
67,Maurizia,45
68,Obadiah,1
69,Anjanette,89
70,Araldo,79
71,Werner,52
72,Judye,73
73,Tristam,3
74,Orion,100
75,Jimmy,97
76,Giusto,56
77,Judith,65
78,Turner,80
79,Sadella,32
80,Dyan,44
81,Lane,82
82,Terri,8
83,Scarlet,35
84,Wilfred,92
85,Bryan,30
86,Theo,74
87,Prince,13
88,Meredith,29
89,Hale,29
90,Grace,2
91,Brewster,37
92,Augusto,99
93,Ferd,69
94,Adams,67
95,Melisandra,30
96,Benjie,64
97,Salvatore,38
98,Riobard,49
99,Albert,58
100,Rozanne,74
101,Candy,43
102,Charity,28
103,Madelina,47
104,Meagan,15
105,Filippo,52
106,Willy,67
107,Judi,14
108,Hewie,88
109,Claudetta,65
110,Aubine,17
111,Tatiania,58
112,Bethina,42
113,Phaidra,60
114,Derek,16
115,Hazel,77
116,Simeon,61
117,Abbi,34
118,Elana,30
119,Diego,19
120,Adriano,69
121,Kimmi,42
122,Sarine,80
123,Marissa,88
124,Zola,57
125,Cinda,47
126,Jacqui,92
127,Ash,45
128,Rozalie,36
129,Rodolfo,23
130,Timmy,4
131,Jesus,92
132,Olivier,1
133,Tammie,73
134,Samson,22
135,Genny,100
136,Olivia,4
137,Stace,92
138,Salvatore,24
139,Felisha,52
140,Emelina,3
141,Terza,70
142,Tan,15
143,Emera,42
144,Livy,8
145,Hilario,56
146,Dyann,88
147,Horacio,9
148,Pen,4
149,Gianina,48
150,Aristotle,15
151,Rayna,58
152,Jilleen,96
153,Payton,80
154,Cathleen,60
155,Orran,19
156,Adorne,65
157,Thomasina,9
158,Mordecai,79
159,Hephzibah,67
160,Daryl,50
161,Torrey,81
162,Any,66
163,Peggi,25
164,Hanny,49
165,Winn,25
166,Man,39
167,Jaquenette,11
168,Mimi,61
169,Palm,29
170,Klemens,21
171,Ferrell,92
172,Carmelina,51
173,Crawford,90
174,Maurine,77
175,Tandi,74
176,Brittany,11
177,Ramonda,58
178,Nicki,31
179,Saunder,24
180,Corrinne,13
181,Stesha,69
182,Alicia,85
183,Karrie,26
184,Christyna,59
185,Darb,22
186,Sheree,95
187,Godwin,13
188,Maia,90
189,Krystyna,69
190,Anna,70
191,Brena,76
192,Ludvig,100
193,Burton,82
194,Clayson,50
195,Lil,16
196,Marcello,14
197,Berti,93
198,Elane,42
199,Linnet,31
200,Oliver,54
201,Henrie,95
202,Rebeca,11
203,Nial,66
204,Cristine,37
205,Terrye,28
206,Ancell,90
207,Gavin,62
208,Yves,96
209,Leeann,90
210,Ethelbert,48
211,Ryon,73
212,Olivia,78
213,Michele,11
214,Venita,25
215,Dorie,25
216,Osbourne,73
217,Rriocard,3
218,Mick,99
219,Jean,11
220,Lionello,58
221,Sharai,84
222,Pamella,46
223,Gerty,58
224,Ellsworth,11
225,Delcina,30
226,Maryl,47
227,Carie,56
228,Normand,69
229,Sarah,89
230,Gabbi,72
231,Merla,5
232,Early,34
233,Jody,27
234,Merl,35
235,Harland,39
236,Elenore,66
237,Esteban,80
238,Karyn,8
239,Dorisa,64
240,Gay,72
241,Javier,16
242,Gordy,35
243,Glen,40
244,Benedict,91
245,Etta,4
246,Valentia,69
247,Douglas,69
248,Holly,55
249,Marietta,94
250,Zak,88
251,Suzanne,94
252,Carita,27
253,Seymour,73
254,Cort,27
255,Rawley,94
256,Dotty,99
257,Aron,97
258,Gertrudis,76
259,Johnnie,86
260,Ally,100
261,Pavlov,82
262,Jacky,18
263,Tymon,55
264,Daryl,1
265,Cleon,78
266,Noak,44
267,Roy,41
268,Stafford,56
269,Devora,76
270,Verney,69
271,Nikki,27
272,Ervin,74
273,Bella,60
274,Mauricio,52
275,Norrie,66
276,Ailene,30
277,Tann,83
278,Deirdre,74
279,Jacobo,29
280,Jere,8
281,Donnie,81
282,Norma,12
283,Elinor,55
284,Catharina,1
285,Donna,66
286,Marcie,33
287,Farly,7
288,Melina,57
289,Aleksandr,36
290,Temp,57
291,Albert,42
292,Archibald,22
293,Jena,35
294,Vincents,39
295,Agneta,83
296,Flossy,81
297,Eberhard,27
298,Tan,54
299,Lorri,52
300,Parke,74
